{
  "avg_line_fill_rate": 0.2851841796201435,
  "avg_listed_demand_share": 0.6368373120763146,
  "avg_full_day_fill_proxy": 0.0,
  "avg_expected_profit_horizon": -51.976373619478,
  "avg_expected_sales_horizon": 371.8096718139287,
  "avg_avg_stockout": 0.834659090909091,
  "avg_n_stocked_positive_q": 105.36363636363636,
  "avg_used_volume": 799.5145454545454,
  "avg_used_weight": 201.20818181818183,
  "avg_runtime_sec": 13.046440335837277
}