scenario,method,lfr_mean,lfr_std,stockout_mean,stockout_std,time_mean,n_listed_mean,n_windows
baseline,literature_nominal,0.1957819900968833,0.02103399540633018,0.8077169449635878,0.019353040737368293,0.2795233938429091,53.577777777777776,45
baseline,literature_robust,0.18192479339157433,0.018543765592775235,0.8066051745261883,0.017457546967556626,0.262001985973782,49.044444444444444,45
high_volatility,literature_nominal,0.19691945530815763,0.021384571248349173,0.8413508470772688,0.011646687468963952,0.3849845462375217,43.0,45
high_volatility,literature_robust,0.17803599833234804,0.01719025764063121,0.8437114359178766,0.009488135668780599,0.36466049088372127,39.62222222222222,45
large_scale,literature_nominal,0.0867619111306445,0.0076443003418643265,0.9318214406339553,0.007547537343278883,0.4900132868025038,46.62222222222222,45
large_scale,literature_robust,0.07623978554458317,0.006867881523272235,0.9306052913434448,0.006709316872539828,0.4822905434502496,42.577777777777776,45
