{
  "avg_line_fill_rate": 0.3570549033241048,
  "avg_listed_demand_share": 0.7104475958623901,
  "avg_full_day_fill_proxy": 0.0,
  "avg_expected_profit_horizon": 214.96620008480852,
  "avg_expected_sales_horizon": 462.2300712878924,
  "avg_avg_stockout": 0.7913636363636365,
  "avg_n_stocked_positive_q": 120.0,
  "avg_used_volume": 743.0643181818182,
  "avg_used_weight": 186.23909090909092,
  "avg_runtime_sec": 13.37768924778158
}