scenario,algorithm,basket_ofr_mean,basket_lfr_mean,basket_qfr_mean,aggregated_lfr_mean,proxy_gap_lfr_mean,runtime_mean,n_windows,avg_orders,avg_lines
baseline,hybrid_v2,0.07335103323338361,0.15241867527557823,0.1344692256719258,0.35579055429857437,0.20337187902299614,13.392121303913205,43,1263.860465116279,2567.0697674418607
baseline,dp_nominal,0.0647687752858113,0.12110482785085702,0.09138534898632031,0.202474105191144,0.08136927734028698,17.12880763342214,43,1263.860465116279,2567.0697674418607
baseline,cpsat_nominal,0.060897085303751035,0.11560273443542184,0.08727921263487146,0.19343868847585766,0.0778359540404358,0.1993227504020513,43,1263.860465116279,2567.0697674418607
baseline,dp_robust,0.059559157428981796,0.1113304920608234,0.08270007119374673,0.18773897223506106,0.07640848017423767,16.809869317121283,43,1263.860465116279,2567.0697674418607
baseline,greedy_nominal,0.05607230534504193,0.10738657951470677,0.08083801857102525,0.1831427159295956,0.07575613641488882,0.00039788734081174887,43,1263.860465116279,2567.0697674418607
baseline,cpsat_robust,0.055890016128086535,0.1063222272334381,0.07907450523484878,0.17978041990136193,0.07345819266792385,0.24274246082749473,43,1263.860465116279,2567.0697674418607
baseline,greedy_robust,0.051351391300368525,0.0971056063726291,0.0721276332646743,0.16793672261465292,0.0708311162420238,0.0004467797833819279,43,1263.860465116279,2567.0697674418607
