scenario,algorithm,basket_ofr_mean,basket_lfr_mean,basket_qfr_mean,aggregated_lfr_mean,proxy_gap_lfr_mean,runtime_mean,n_windows,avg_orders,avg_lines,aggregated_lfr_basis
baseline,hybrid_v2,0.10706374909950528,0.06320993410303484,0.05034067511202351,0.2835765476505572,0.22036661354752238,13.002909898757935,43,1263.860465116279,2567.0697674418607,realized_test_week
baseline,dp_nominal,0.07535599295879011,0.04163407583712282,0.029965228656663293,0.202474105191144,0.16084002935402117,17.12880763342214,43,1263.860465116279,2567.0697674418607,expected_analytic
baseline,cpsat_nominal,0.07052718164509815,0.03864601937751541,0.027788099353102877,0.19343868847585766,0.15479266909834224,0.1993227504020513,43,1263.860465116279,2567.0697674418607,expected_analytic
baseline,dp_robust,0.0659072797232875,0.03593465778626108,0.025866137783715357,0.18773897223506106,0.1518043144488,16.809869317121283,43,1263.860465116279,2567.0697674418607,expected_analytic
baseline,cpsat_robust,0.06175694699088591,0.03347270755299608,0.02410044948089868,0.17978041990136193,0.14630771234836587,0.24274246082749473,43,1263.860465116279,2567.0697674418607,expected_analytic
baseline,greedy_nominal,0.061419597362987265,0.033263951998654465,0.023925887549226234,0.1831427159295956,0.14987876393094113,0.00039788734081174887,43,1263.860465116279,2567.0697674418607,expected_analytic
baseline,greedy_robust,0.05460737527719007,0.02921937632487815,0.021033435968576375,0.16793672261465292,0.13871734628977475,0.0004467797833819279,43,1263.860465116279,2567.0697674418607,expected_analytic
